Question,Answer
User's message,"ok, greate!"
Assistant's message,"Wonderful! So, could you start by sharing with me what field of study you pursued at the highest level of your education? What initially drew you to this field?"
User's message,"yes, i am doing well"
Assistant's message,"I'm glad to hear that you're doing well! Let's focus on your education journey. What was your field of study at the highest level of your education, and what were the main reasons you chose this field?"
User's message,data science
Assistant's message,That's great! Data Science is indeed a fascinating and growing field. Could you share what initially attracted you to Data Science? What were some specific factors or experiences that influenced your decision?
1753278384.981694,testaccount,User's message,yes
1753278386.6214194,testaccount,Assistant's message,Great! I'd love to hear more about your reasoning. What factors played the most significant role in guiding your decision to choose that particular field of study?
1753278391.4248316,testaccount,User's message,i stidies data scinee
1753278393.1071482,testaccount,Assistant's message,Thank you for sharing that. Data science is a fascinating and rapidly growing field. Could you tell me more about what specifically drew you to data science? What motivated you to choose this field above others?
1753278425.6096487,testaccount,User's message,i like it as it was quantiitva analysis
1753278426.6639326,testaccount,Assistant's message,Quantitative analysis is indeed a critical component of data science. What aspects of quantitative analysis do you enjoy the most? Did you have any experiences or influences that amplified your interest in this area?
1753278435.851274,testaccount,User's message,yes i had some projects before
1753278436.8482573,testaccount,Assistant's message,That's interesting. Could you describe one of the projects you worked on before deciding to study data science? How did that project influence your decision?
1753278991.5529253,testaccount,User's message,hello i am saba
1753278993.3580785,testaccount,Assistant's message,"Nice to meet you, Saba! Could you share the reasons that made you choose your field of study at the highest level of your education?"
1753279780.3390126,testaccount,User's message,yes i am
1753279781.4304104,testaccount,Assistant's message,Great! Could you tell me more about what motivated you to choose that particular field of study? What factors influenced your decision?
2025-07-23 16:19:31,testaccount,User's message,hello
2025-07-23 16:25:13,testaccount,User's message,hello
2025-07-23 16:27:48,testaccount,User's message,hello
2025-07-23 16:37:45,testaccount,User's message,hello
2025-07-23 16:40:20,testaccount,User's message,hi
2025-07-23 16:49:28,testaccount,User's message,hi
2025-07-23 16:49:29,testaccount,Assistant's message,Hi! I'm glad to have the opportunity to speak with you about your educational journey today. Could you share the reasons that made you choose your field of study at the highest level of your education?
